mean_return,std_return,mean_length,total_episodes,timeout_episodes,complete_episodes,evaluated_states,dropped_states,mc_abs_scale,q1_bias,q1_bias_sd,q1_mae,q1_mae_sd,q1_rmse,q1_rmse_sd,q1_rel_bias,q1_rel_sd,q2_bias,q2_bias_sd,q2_mae,q2_mae_sd,q2_rmse,q2_rmse_sd,q2_rel_bias,q2_rel_sd,qmin_bias,qmin_bias_sd,qmin_mae,qmin_mae_sd,qmin_rmse,qmin_rmse_sd,qmin_rel_bias,qmin_rel_sd,algorithm,layer_norm,seed,step
-136.17150300017207,18.827318782691318,70.2,20.0,0.0,20.0,1404.0,0.0,79.11774013644498,79.5781719322358,12.690260830665585,79.5781719322358,12.690260830665585,80.0280401369121,12.367588417361684,1.0058195771896008,0.18934339982038081,nan,nan,nan,nan,nan,nan,nan,nan,nan,nan,nan,nan,nan,nan,nan,nan,ddpg,yes,3,0
-72.78283438163955,90.36648580473465,217.35,20.0,2.0,20.0,4347.0,0.0,47.486610784839755,156.51732616944895,31.493233077514926,156.78668722851876,31.40081674863835,164.11999063966144,33.75257458225652,3.296030682809176,1.2173120696223652,nan,nan,nan,nan,nan,nan,nan,nan,nan,nan,nan,nan,nan,nan,nan,nan,ddpg,yes,3,25000
-163.9739344896404,63.47775750705734,164.3,20.0,0.0,20.0,3286.0,0.0,70.93948666091505,442.8400933678181,51.5617271015385,443.38604488391627,50.876422689127594,459.85588290523117,46.34059935939107,6.242504903997368,1.8148197107176833,nan,nan,nan,nan,nan,nan,nan,nan,nan,nan,nan,nan,nan,nan,nan,nan,ddpg,yes,3,50000
-161.54304976177093,109.57963929183472,197.95,20.0,0.0,20.0,3959.0,0.0,71.27453979834755,460.0739848516644,63.9649101101996,461.6149361497123,63.28144652232943,480.25326451359786,61.46489983190238,6.454955530450594,1.9761982984606905,nan,nan,nan,nan,nan,nan,nan,nan,nan,nan,nan,nan,nan,nan,nan,nan,ddpg,yes,3,75000
-126.31688720490479,63.0612048194888,149.85,20.0,0.0,20.0,2997.0,0.0,58.23998778125319,605.1561210793972,49.2354633065219,605.7213163490046,48.459861793045036,618.1144901795732,49.00276846377064,10.390732280925894,2.2529594764481238,nan,nan,nan,nan,nan,nan,nan,nan,nan,nan,nan,nan,nan,nan,nan,nan,ddpg,yes,3,100000
-103.26113983436719,71.49139283179262,433.55,20.0,4.0,20.0,8671.0,0.0,40.35092687028461,681.4887798748548,52.89704994326168,681.543104101966,52.90126615501091,687.7945101725211,53.078231816918475,16.889048969448073,2.684188718210399,nan,nan,nan,nan,nan,nan,nan,nan,nan,nan,nan,nan,nan,nan,nan,nan,ddpg,yes,3,125000
-170.21282500575552,79.0749991833822,179.35,20.0,0.0,20.0,3587.0,0.0,68.8457088375637,724.2246179597863,49.68250722115319,725.141089994132,49.305044466377545,742.9534156550224,44.74343110397236,10.519531720830125,2.6314455098601677,nan,nan,nan,nan,nan,nan,nan,nan,nan,nan,nan,nan,nan,nan,nan,nan,ddpg,yes,3,150000
-56.72637585166497,141.42134632380467,560.95,20.0,7.0,20.0,11219.0,0.0,43.69077414356876,722.9060167064245,41.97005909080662,722.9823391462502,42.002400985192196,730.3352694196082,45.88396939268114,16.545964929139064,2.232049807853361,nan,nan,nan,nan,nan,nan,nan,nan,nan,nan,nan,nan,nan,nan,nan,nan,ddpg,yes,3,175000
-177.43555308732022,113.98686942441458,161.15,20.0,0.0,20.0,3223.0,0.0,81.7871357303572,914.6959805743854,261.99519521881416,915.128415660467,261.5362052729725,939.4425881749041,257.1134645151354,11.183861280948058,3.7449212668437704,nan,nan,nan,nan,nan,nan,nan,nan,nan,nan,nan,nan,nan,nan,nan,nan,ddpg,yes,3,200000
-129.32944954888734,38.841467153774104,913.25,20.0,16.0,20.0,18265.0,0.0,20.83244747365545,1229.8589592482786,110.48066636202529,1229.8589592482786,110.48066636202529,1235.0847192932388,107.96934761570816,59.03574031824866,5.569799802873375,nan,nan,nan,nan,nan,nan,nan,nan,nan,nan,nan,nan,nan,nan,nan,nan,ddpg,yes,3,225000
-146.46623043845443,102.80465030245801,224.6,20.0,0.0,20.0,4492.0,0.0,60.32325160071402,834.7700490219889,63.591876027484986,837.1134098252008,63.30398088550724,861.7402773448899,61.594215698530306,13.838280047425496,3.4531468134569434,nan,nan,nan,nan,nan,nan,nan,nan,nan,nan,nan,nan,nan,nan,nan,nan,ddpg,yes,3,250000
-241.295197215325,126.37812956750179,489.55,20.0,0.0,20.0,9791.0,0.0,58.903637633739756,872.0613314401253,67.50528011457133,872.3750872352108,67.57998663915842,892.619434039254,71.68995003995806,14.804880759021447,3.4675137744450932,nan,nan,nan,nan,nan,nan,nan,nan,nan,nan,nan,nan,nan,nan,nan,nan,ddpg,yes,3,275000
-111.89239724636832,87.22193787532075,452.55,20.0,2.0,20.0,9051.0,0.0,39.139008501150684,698.4314900419006,42.97979344870472,698.4314900419006,42.97979344870472,706.5642889698379,43.80815102249775,17.8448948194834,2.9682722166926014,nan,nan,nan,nan,nan,nan,nan,nan,nan,nan,nan,nan,nan,nan,nan,nan,ddpg,yes,3,300000
