episode,step,return
0,197,-264.6700380363642
1,331,-555.2546787769072
2,406,-10.012755529404302
3,485,-31.69243134698972
4,631,-54.02640571065148
5,720,-161.2331432419024
6,863,-75.81754087572229
7,949,-147.7761461372687
8,1044,-223.19379163000065
9,1164,-144.6039734529943
10,1258,-339.1956226607483
11,1349,-239.49187559776226
12,1448,-297.05184373707675
13,1546,-327.28173122649844
14,1608,-176.79955869187967
15,1697,-213.44446640914742
16,1770,-105.0440968361416
17,1886,-334.0875889876663
18,1975,-351.8014065805339
19,2096,-137.70846841531971
20,2205,-343.6309933126118
21,2302,-132.6924888989301
22,2401,-308.1402405039899
23,2488,-297.1643044614177
24,2691,-103.62005389061584
25,2786,28.371332209466516
26,2885,-418.02655863134686
27,3009,-201.63198820506892
28,3093,-60.849306121897044
29,3186,-257.1063398792767
30,3299,-375.8656566474143
31,3447,-276.13032524020525
32,3579,-258.8604737866507
33,3689,-243.02948919828037
34,3770,-199.70438071984523
35,3898,-297.83123395566236
36,4004,-363.40957582302036
37,4103,-285.7389180200348
38,4190,-329.9168142104837
39,4345,-128.3485740632048
40,4453,-183.7109107868997
41,4525,-78.90769748777466
42,4630,-154.2159763373105
43,4763,-66.45953776098439
44,4867,-182.61897495506327
45,4964,-340.2723060863658
46,5076,-373.86588611341455
47,5165,-431.5065312043385
48,5300,-427.785435502603
49,5395,-247.46630974587117
50,5488,-145.39030917671374
51,5622,-148.61119206563785
52,5704,-435.5775236207173
53,5804,-63.220889918030906
54,5890,-161.6809256883538
55,6052,-93.19655595335678
56,6247,-272.41352347884447
57,6348,-396.5348110066507
58,6431,-170.18243959980614
59,6584,-320.342654138606
60,6675,-269.7086869736404
61,6802,-209.4184650074498
62,6924,-374.28775149283973
63,6997,-64.74129382978425
64,7085,-47.274020010443564
65,7171,-325.7436482056694
66,7256,-57.16470846992129
67,7398,-112.34438582976352
68,7486,-228.03958889216128
69,7567,-268.30036219194386
70,7697,-218.22011089055425
71,7778,-56.81451871979968
72,7901,-188.85993158203127
73,7983,-175.2261953681002
74,8149,-359.2146558708843
75,8308,-346.8326416275796
76,8422,-64.90463979988083
77,8547,-173.12517221440004
78,8694,-170.71880273166158
79,8867,-229.20652626512512
80,8956,-99.48537397102847
81,9056,-158.5746853654613
82,9122,-74.20978069006733
83,9232,-219.39196706892153
84,9316,-40.47940895290217
85,9416,-127.26236295589747
86,9505,-387.918982405171
87,9648,-151.15599675596332
88,9743,-74.80669260630376
89,9857,-275.00586467673645
90,9973,-199.02922107924752
91,10083,-324.69215584856533
92,10265,-262.6699353721022
93,11265,-129.7497327079102
94,11624,-118.86610823811077
95,11993,-126.05751955115507
96,12300,-97.49975829352701
97,12744,-239.29788481402792
98,13232,-276.9833900723099
99,14164,-328.33949935910334
100,14833,-244.8589498171844
101,15517,-250.2859725132228
102,15950,-216.06100231045681
103,16363,-265.52543984797376
104,16903,-290.5098695784952
105,17283,-207.19639262054181
106,17633,-199.01415974210954
107,18030,-172.66688767900217
108,18331,-166.36929613977105
109,18611,-49.624275440919256
110,19175,-142.86146863993784
111,19652,-193.71992369768247
112,19952,-31.179310629102545
113,20248,-36.79904371903059
114,20458,-43.01494027208442
115,21094,-192.4820314700509
116,21633,-338.3126951964248
117,22437,-136.2346724347066
118,22742,-250.1918918457696
119,23742,-251.91427223355967
120,24038,-44.34112669859495
121,24725,-123.02012455534506
122,25725,-71.59822859951267
123,25957,-101.167474244325
124,26145,-97.52171610420346
125,26520,-79.32230680400441
126,27052,-490.0674257107206
127,27834,-50.04338113214986
128,28264,-47.39469981061641
129,29175,-397.0010886483552
130,29264,-62.769790700696966
131,30264,-102.84968341836873
132,30359,-53.929151119839595
133,30554,6.089039320863279
134,30691,-63.3076754876411
135,30764,-98.06606843453288
136,30838,-46.20081905871133
137,30942,5.488543911519983
138,31027,-87.8075699035085
139,31111,8.493728647100781
140,31190,-52.4196147538528
141,31335,-105.77730836484773
142,31458,-9.785728540566836
143,32458,-31.33545886799233
144,32525,-113.5350440807025
145,32668,-15.483982966800852
146,32744,-14.715959844484274
147,32844,-91.53350317739176
148,33005,-4.684137869180603
149,34005,33.452987870194434
150,34401,-253.68625179605044
151,34589,-207.96426523802452
152,34942,-186.9470136995493
153,35106,-38.34724347699317
154,35281,-80.96225670739759
155,35608,-583.9920479724536
156,36017,-147.08094543142315
157,36414,-362.60457193832667
158,36739,-438.13230543851125
159,37739,-104.65250452453631
160,37833,-153.06285027797486
161,38418,-124.94257847394694
162,38632,-167.17533280741202
163,38780,0.6167864545340791
164,39780,-129.52871863157884
165,39964,-231.11281697479163
166,40470,-187.23706065575655
167,40554,-174.00823325076442
168,40894,-71.47935370342904
169,40992,-97.58289725598661
170,41083,-133.52482985930163
171,41221,-43.10669860649705
172,41315,-105.59564817815846
173,42315,-112.24552608386213
174,42521,-145.62610105439177
175,42722,-53.587515680159264
176,43722,-34.21704819580092
177,44159,-140.78565891977587
178,44596,-99.11497407883228
179,45596,-22.91484963289815
180,46069,-268.0009929004049
181,47069,-42.56412635071854
182,48069,-52.59750247636379
183,48344,-252.13521262320756
184,48768,-530.8121315977203
185,49768,-36.980990812394936
186,50492,-339.78325390385805
187,51492,-58.187992607398016
188,52236,-341.3887996208386
189,52358,-63.68791752541536
190,53358,12.52965496545972
191,54358,-23.686651304662387
192,55358,-48.395775273863556
193,56358,-62.447608743031154
194,57358,-43.67334113414454
195,57633,-44.66474380203634
196,57722,-76.72681631135934
197,57817,-122.35451786509005
198,57908,-86.7651167506005
199,58908,-37.743353165037675
200,59015,-297.40315465691515
201,59107,-219.2301581022751
202,59406,-335.50951959077753
203,60406,-24.830511298239358
204,60550,-4.994576832143409
205,61550,-34.71444078076427
206,61663,-72.52066737869987
207,61917,-98.87937793592312
208,61999,-116.1714813019656
209,62999,-76.9227719494122
210,63108,-286.4434860507449
211,63197,-88.96716623335169
212,63302,-55.6616080624069
213,63464,-196.16294736129157
214,63571,-275.06287553841344
215,63652,-72.47461532033682
216,63729,-100.76647987344619
217,63809,-127.07599153696869
218,64017,-104.41544866199793
219,64096,-157.31381228698766
220,64186,-156.0283432008885
221,64258,-98.61121315219089
222,64476,-214.2176514168574
223,64604,-138.85848348205224
224,64688,-146.6459548016909
225,64760,-137.9208768135759
226,64855,-319.02410223281083
227,64999,-346.02763278961913
228,65064,-38.23863056207334
229,65193,-309.7715064453482
230,65308,-74.4961753058266
231,65404,-215.56268732593287
232,65534,-97.1615744984381
233,65712,-170.20296491380861
234,65849,-42.11678440388168
235,66132,-60.306317623037785
236,66339,-300.42966506908203
237,66513,9.151410329544703
238,66694,-73.02172347345757
239,66932,-272.27666242720926
240,67025,-214.94213859157466
241,67149,-239.1722595292842
242,67452,-273.22477139348393
243,67557,-103.97609820086217
244,67661,-286.74698005809734
245,68070,-111.12979560281931
246,68585,-225.51514188746324
247,68818,-309.6751776743388
248,69141,-129.53281668049738
249,69681,-228.69872518405688
250,70545,-284.57456858608566
251,70933,-205.85514766170084
252,71145,-376.84775823290244
253,71427,-10.000783967079684
254,71503,-52.48351211767155
255,71799,-49.352178749779334
256,72002,-467.26915913298774
257,72315,-297.959384125939
258,73073,-225.47797949586607
259,73732,-221.3808514173656
260,74044,-127.7841312005448
261,74219,-57.395787205685
262,74660,-95.57471657617546
263,75660,-122.51955138978225
264,76660,-114.70517440343886
265,77154,-183.5330844274733
266,77263,-111.36871500705763
267,77692,-195.0677920295588
268,77827,-68.68003286031035
269,78827,-108.99246206229245
270,79102,-110.2613571028482
271,80102,-86.41161780836048
272,80203,-63.63570913357103
273,80287,-117.78719701888554
274,80396,-141.72501454639166
275,80584,-14.820873344433835
276,80783,-135.15031676685606
277,80939,-110.5961078840074
278,81131,-66.55646794667449
279,82131,21.229999177709864
280,82532,-230.3264310255132
281,82617,-162.03534950125962
282,82884,-217.9318897763913
283,83597,-109.59873231732257
284,84091,-299.0985840132648
285,84196,-25.826313299907625
286,84326,-22.235903967869092
287,84455,-4.5332520166578405
288,84569,-202.07437420574257
289,85569,-176.95329821381443
290,86089,-285.1163245918964
291,86800,-271.3809521463746
292,87003,-76.86856802241523
293,87103,-168.8734531378882
294,87238,-55.2916469009828
295,87537,-187.29990909815962
296,88210,-233.86903272653382
297,88748,-296.8888114652155
298,89201,-344.75302980325154
299,89302,-143.8122181170277
300,89637,-212.0815480725337
301,89859,-227.22305028597907
302,90124,-329.97063996010115
303,90445,-426.9265135307864
304,90546,-156.2294295982469
305,90865,-501.23133382845555
306,91140,-451.3686142272671
307,91388,-396.5463786039558
308,91908,-216.33194263576314
309,92092,-31.628216114935
310,92589,-99.9353052193858
311,92821,-78.60637788792766
312,93069,-156.59831342007473
313,93184,-432.0075647913487
314,94184,-68.65723959460517
315,94288,-130.32596285118197
316,95195,-297.1723174347929
317,95794,-148.0578315496711
318,96794,-108.26967065583698
319,97073,-46.49751241019436
320,97816,-212.74154464324533
321,98215,-237.21947520911687
322,99215,-16.02170353973048
323,99517,-193.4534750667579
324,100517,-65.22150265655043
325,100734,-75.7045480582589
326,101734,-21.818711967296224
327,101847,-10.022137053844745
328,102583,-104.32713155686301
329,103583,-74.50382918503128
330,104583,-66.46759983954654
331,104778,-180.4090506168387
332,105778,-13.386176800928325
333,105892,-39.80612748672529
334,105976,9.515169153725054
335,106976,-71.61088223644943
336,107082,-7.404030423225237
337,108082,-57.917392355068664
338,108223,-166.06233832143658
339,109223,16.402988455417592
340,110223,-23.26987098872255
341,111149,-349.49746210098914
342,112149,-32.87137068464108
343,112227,17.185425627378024
344,112317,4.742862242422547
345,113317,-43.09301803413977
346,114317,-45.97842460880696
347,114423,-11.471528512978423
348,115318,192.55160640357627
349,116318,6.366265832749812
350,117318,-67.49904312192736
351,117438,-114.47604519866111
352,118438,-46.213138458618424
353,118595,-289.59947081607766
354,119595,-60.85169972435994
355,120595,-59.38571119303816
356,120682,-30.01436053144829
357,120773,-15.999194254484308
358,121479,-117.10301176084204
359,122235,130.3434757785729
360,122408,-137.31408109379643
361,123408,-74.50885201250537
362,124408,-19.39085330980793
363,124827,-203.67128833670188
364,125004,-177.3992015147104
365,125996,-281.7736855184389
366,126996,-86.30299901831495
367,127194,-71.23748395164466
368,128066,-209.55872042491552
369,128179,-6.107904136910776
370,129179,-53.16414748353104
371,129506,-165.66577649696265
372,130506,-53.62199912431746
373,130699,-71.35326984593439
374,130826,-8.219358889133787
375,131045,-149.64149028275682
376,131164,30.448882133722975
377,132164,-27.609725953674292
378,133083,-295.8832147101821
379,133522,-203.2718358726445
380,134471,-205.74202134577064
381,134730,-79.17954491740686
382,135188,-282.91670344682694
383,135932,-286.1090835391893
384,136113,-79.91797800719677
385,136326,-150.73413226319286
386,136446,-91.29182860182812
387,136593,-141.33554604916077
388,136782,-167.25899447945434
389,137782,-38.266120263984085
390,138649,-365.7762625034818
391,138771,-14.633259644340995
392,138941,-199.15967744991025
393,139035,-163.64062418834214
394,139214,-233.77004598799573
395,139392,-197.33379403184995
396,139597,-175.28188150002987
397,139730,-177.17495579816125
398,139837,-14.628990843195822
399,140038,-203.0412923482981
400,140173,-215.00524731547495
401,140368,-161.08108052345204
402,140756,-92.55469211501756
403,140910,-200.27487015116776
404,141014,-7.3756075329971935
405,141250,-147.3423522765496
406,141406,-308.57456897106636
407,141755,-224.07863822144236
408,141917,-130.5372403322969
409,142052,-119.0055546349781
410,142165,-155.77899892124833
411,142384,-268.1567800705768
412,142483,-199.60332872430365
413,142657,-7.129025886274121
414,142796,-129.03565482713617
415,142971,-42.07896422193597
416,143084,-200.10832031805566
417,143245,-55.724485330375764
418,143743,-275.4448509415517
419,143862,-163.68654746901782
420,143969,-9.63853617033169
421,144387,-195.7353017592783
422,144714,-280.1197991464152
423,144838,-161.8952417183868
424,144997,-177.66327666024335
425,145353,-186.8739783971451
426,145526,-103.06591716575787
427,145695,-121.74123842877523
428,145938,-127.10235575408865
429,146459,-296.7728414120136
430,146558,-148.7205393776709
431,146668,-165.90581254138348
432,146790,-170.89606020770043
433,146925,-163.76942545379256
434,147167,-31.72466085372689
435,147923,-326.59443658867485
436,148305,-91.5450789480164
437,148581,-97.74534880397607
438,148954,-155.59923115298466
439,149658,-167.92298541347967
440,149896,-179.21447984168722
441,150896,-23.532834832695634
442,151896,-159.7367276230656
443,152204,-187.691995976053
444,152675,-229.21060544225233
445,152898,-111.79698414394308
446,153422,-210.2011702551079
447,154422,-1.4242622038785944
448,154674,-173.5759308640737
449,155674,-56.9479576592211
450,156090,-124.96783729892164
451,156664,-90.34290757066348
452,157471,-131.13206240500693
453,157849,-254.61097148870206
454,158709,196.9470860675724
455,159709,-2.467395498180932
456,160709,-40.9144267748195
457,161012,-40.96404676545085
458,161781,-139.61038317920293
459,162781,2.833776162770188
460,163781,50.10729682533402
461,164194,-159.86168333367237
462,165194,-95.88971178070068
463,166194,22.460756805261553
464,167194,65.30824447737474
465,168194,7.00623223601956
466,169194,69.1188164760778
467,170194,49.38556240174544
468,171194,22.009636204800948
469,172194,-13.117658319400794
470,173194,50.22902794146683
471,174194,29.970686596199887
472,175194,20.580681570186076
473,175785,177.2964935688929
474,175985,-42.48038034821674
475,176189,-35.98754692140977
476,177189,-24.13078470419638
477,178144,-327.51872669925234
478,178375,-295.37342417712256
479,178797,238.26292544881917
480,179797,-106.32863810327383
481,179908,-152.53291991916754
482,180003,-5.415550713738028
483,180125,-140.4729185850769
484,180403,-345.34540150283624
485,180731,-351.96730689217577
486,181148,-203.39128016060755
487,181705,211.24747359923413
488,182520,171.18420032910157
489,182639,17.801484038728802
490,182771,-146.33707193070336
491,182874,31.394189878183198
492,183874,-193.5683827776876
493,183961,-27.91096420083663
494,184030,-26.957648728807357
495,184103,36.19757151020565
496,184189,-13.279399547051554
497,184483,-178.64095053595435
498,185483,-16.642349704685365
499,186437,119.78804208985079
500,187437,-38.63650677496738
501,188437,-10.207199960274714
502,188545,18.83098867136485
503,188659,-3.4254291022191836
504,189659,35.31162848504485
505,190150,201.78972139437965
506,191150,11.532706098088939
507,191245,-23.27691026763719
508,191418,-193.43453984445853
509,191592,-233.7759910733974
510,191954,241.55191477235564
511,192059,-22.39695646759108
512,193059,-1.812211605311294
513,193152,-5.789515284210367
514,193244,21.535966878571415
515,193435,-223.13436904848373
516,193617,258.9474432711208
517,193780,-24.215887389393387
518,194490,259.70286980094534
519,194910,-213.6717686801354
520,195910,27.359357254054395
521,196910,-87.92847575983632
522,197910,62.898356160321065
523,198574,237.30977154621476
524,198752,-291.0045078234263
525,199139,-250.04975292948816
526,199562,-415.07285260367235
527,199812,212.84754096842624
528,199895,51.599438995056175
529,200895,-6.2561449851011375
530,201003,-40.02305359764782
531,201090,8.38490333895669
532,201199,12.216301273656114
533,201306,11.439676413427904
534,201407,-78.7321577945595
535,201486,75.20618200340047
536,201707,259.98364726675305
537,202320,-253.02187553074316
538,202872,-202.47696117794527
539,203127,270.6346990108574
540,203388,-246.09873265940743
541,203844,238.31464444778834
542,204209,226.4487619764698
543,204290,23.471000121302353
544,204397,16.074928574372137
545,204519,15.19979539031209
546,205083,186.34412389621545
547,205372,-314.97596169262476
548,206022,195.33321394228147
549,207022,-118.3975654701408
550,208022,-17.941688892279622
551,209022,-18.405005220481122
552,210022,-7.003719334613023
553,210143,-33.35999071749514
554,210303,250.4021558978162
555,211303,-15.691412669302185
556,212162,197.05707501926832
557,212359,268.0782809576831
558,213354,-137.25163241347212
559,213605,-339.28539468203724
560,213854,264.23289619116406
561,213991,-108.98725062089312
562,214630,214.83526547598288
563,214924,176.14117804295176
564,215249,234.5587789397436
565,215371,-135.99995625488663
566,215840,-368.8844556744702
567,215932,40.97093508978293
568,216137,-118.4960010035986
569,216266,-144.50970185155052
570,216412,-144.99591657668716
571,216658,246.53600907304377
572,217064,292.34474687029194
573,217598,-183.84371725255073
574,217900,271.3169178852189
575,218687,207.11032247098927
576,218891,-166.01962477947754
577,219063,-120.44275364447508
578,219320,261.8054194006902
579,220031,-226.15558182934086
580,220306,259.9933158071655
581,220537,270.6438459967326
582,221537,-61.99292742893479
583,221696,-168.08513027187578
584,222080,232.47572830563874
585,222513,281.1703728251574
586,222737,-162.53795734822643
587,223737,63.31839345371016
588,223926,-152.89020332570792
589,224098,-142.04388054829712
590,225098,-58.006921415965316
591,225333,289.002163622386
592,225563,209.36696299844277
593,226563,25.553760077123354
594,227085,242.71810619100322
595,227215,-151.06632644838882
596,227712,160.92157923597472
597,227926,-198.28607387398802
598,228066,-129.64339259285163
599,228337,162.712580222129
600,228653,192.89197652727375
601,229210,231.33348339651718
602,230210,-76.94640584435062
603,230729,244.3394057314573
604,231020,236.70489530587886
605,231189,-110.74749667835903
606,231373,-48.866224633251036
607,231480,-149.97599181035574
608,231685,281.361374714023
609,231876,-74.35109087525166
610,232876,152.49506682719004
611,233257,181.90910602346915
612,233375,-131.49774350038882
613,233526,-16.83300422506241
614,233719,-99.02229871997358
615,233822,-146.00149248519998
616,233924,-174.77515073755842
617,234120,-105.14818099937527
618,234446,196.51000840906465
619,234772,239.6335239614944
620,235513,-383.926644687463
621,235917,232.59854594306196
622,236917,-81.2234614163843
623,237187,-132.51804462941985
624,237598,176.27975763275222
625,237705,-172.6482139709135
626,237954,-105.34688734459024
627,238382,232.09196334219516
628,239065,151.65017377443243
629,239209,-162.41879375675148
630,240209,-40.593566717515216
631,240386,240.68361131511858
632,240597,227.99839560265332
633,240737,-159.46744848467156
634,241319,142.9492297280528
635,241575,264.1621083513951
636,241962,203.24282181422706
637,242149,221.7897473217344
638,242623,230.70360925743282
639,243555,-242.7394942866835
640,244301,155.53368779142528
641,245301,-180.13978212718143
642,246301,-29.48928322814766
643,246958,-201.39872091593955
644,247176,234.09211402373802
645,247526,-144.20349770085278
646,248495,127.83674022809149
647,248910,-131.9139965177932
648,249910,-145.07392333987713
649,250910,-65.81239082976258
650,251910,-98.22755931909398
651,252910,-96.98580084236
652,253910,-163.69719506908194
653,253993,-49.68395921609887
654,254993,-132.9570994036757
655,255075,-44.14811647341458
656,256075,-80.52354952140608
657,256866,-184.6479730588439
658,257001,-39.08786053691115
659,257718,-131.05387834767996
660,258718,-35.12628634548307
661,259167,-164.09533373587158
662,260167,-32.9969880898856
663,261167,-142.00656716942146
664,262167,-173.46278162500246
665,262350,256.07791649515
666,262714,-123.69809722972035
667,263714,-106.41174559834731
668,264185,-151.21276006627045
669,264343,269.007356368478
670,264496,-92.7251878159978
671,264564,-53.905768868390936
672,264650,-129.58444356913446
673,265143,-166.25351025169965
674,265252,36.55735746176188
675,265455,241.706875628621
676,265639,255.53866473124575
677,265889,-99.06597608504798
678,266121,-97.36738131111436
679,266424,-143.8145262604288
680,266615,256.84106592449365
681,267018,-146.28883547665097
682,267634,263.19079750668374
683,267876,261.4921621022439
684,268107,-332.10587963444675
685,268340,237.60131801481404
686,269300,-225.5027254099855
687,269482,-148.50393733479373
688,269636,-53.7765145398236
689,269819,-123.1249702104228
690,269947,-109.73283021637762
691,270105,-70.20899500182077
692,270385,-130.40739665709563
693,270508,-101.29643299496269
694,270915,213.761951393711
695,271158,240.72969921705237
696,271547,-125.89221938902654
697,271639,-72.32465202244784
698,271773,-83.10097864888024
699,271925,-92.48779153654517
700,272097,-77.8331784834019
701,272259,-102.76114214695134
702,272345,-45.89078163957081
703,272456,-7.751778128053786
704,272538,79.39299588858421
705,272677,-84.07378080876998
706,273019,-90.87224814847224
707,273313,-123.25741064572199
708,273922,-184.6694633009072
709,274183,-145.73807197083576
710,274301,-23.31665091038164
711,274402,-65.28843297804616
712,274600,-73.36084079352304
713,274738,-125.63403969832561
714,274867,-0.3679740101628539
715,275069,-192.99078635543208
716,276069,-103.85100537393934
717,276292,-121.7588077355678
718,276703,-168.73743002389486
719,276959,-41.957937084927394
720,277130,238.12601109074708
721,277524,-72.00529375673526
722,277955,169.60299920099055
723,278281,233.92863002777688
724,278364,-26.83934415583684
725,278647,-191.49700195716227
726,278921,267.97722234170135
727,279033,-142.25936221395284
728,279288,263.5071482605406
729,279522,-300.94824451352235
730,279658,-145.9164928017944
731,279942,227.65403361780997
732,280213,249.00944508045137
733,281213,6.01081602619117
734,281565,239.49860531816364
735,282487,-389.5395853424671
736,282591,-69.67793508159363
737,282768,304.00862688351856
738,283044,224.03609430027572
739,283375,279.49975501737663
740,283855,134.7248418343935
741,284250,-276.93999612316054
742,284671,283.9542616549264
743,284856,260.0339566463417
744,285027,-85.09349456708452
745,285292,252.35751457927054
746,285509,221.64785182420502
747,285715,295.49543918975894
748,285985,261.30746376173227
749,286104,2.5723291765277168
750,286293,257.0384358982559
751,286523,255.9494233532657
752,286643,-22.927289851278246
753,286840,-191.60426290442217
754,286961,-115.81730794412236
755,287301,226.93864941301905
756,288072,115.17895146278607
757,288506,-222.11217337127414
758,288940,-331.68328118345823
759,289327,278.8154991308571
760,289596,231.96639331191165
761,289683,-16.03175473825415
762,289818,-180.55762180231312
763,290060,287.33602391999443
764,290267,-613.0957163004481
765,290515,255.83938744986227
766,291008,-177.01873569060433
767,291304,288.7870868661425
768,291602,291.62175708783974
769,292025,-191.8010626523439
770,292359,220.60090317773665
771,292649,225.2690837631216
772,292988,214.17153248783603
773,293331,217.181492283326
774,293522,274.47059760141326
775,293728,226.0837347262891
776,294067,261.915405728505
777,294541,224.5286165242165
778,294825,249.8063268160223
779,295063,257.9225528301434
780,295327,243.64796306033156
781,295652,220.4532506833807
782,296117,248.23014163309378
783,296463,219.9734464707925
784,296668,277.1597399826146
785,297199,210.3782301380273
786,297422,274.8007528431051
787,297720,214.6177063776879
788,297980,267.3611342954032
789,298348,-179.93519394728247
790,298642,291.2967001471094
791,298782,-44.809686175214175
792,299070,275.52606409152145
793,299875,122.29206297243451
