algorithm,layer_norm,seed,first_step,last_step,n_checkpoints,mean_return,q1_bias,q1_rel_bias,q1_mae,q1_rmse,qmin_bias,qmin_rel_bias,timeout_episodes
ddpg,actor,0,250000,300000,3,-109.80951324320056,524.2286787639688,8.4706074955144,525.428249388073,536.1339332844725,,,0.0
ddpg,actor,1,250000,300000,3,-72.46891890855896,319.93901930338143,6.546676676242914,320.18581779459913,326.6476493323244,,,2.3333333333333335
ddpg,actor,2,250000,300000,3,-137.5909448548573,402.87270686565233,6.735359969426583,403.38389509310485,410.6921150157841,,,1.6666666666666667
ddpg,actor,3,250000,300000,3,-114.18200903242337,324.2429034800994,4.469134026048359,324.34401167560577,335.2933984583977,,,0.3333333333333333
ddpg,actor,4,250000,300000,3,24.3179624667188,189.03466419946076,3.348968191992397,189.20348726341322,194.4398593251909,,,1.3333333333333333
ddpg,critic,0,250000,300000,3,-120.4741208846915,584.5674452522491,18.039559182589944,584.6049962077765,592.9016944145134,,,8.666666666666666
ddpg,critic,1,250000,300000,3,-101.76553070782184,1028.7464533140903,26.686627934890073,1029.034351813675,1051.6634890063092,,,6.333333333333333
ddpg,critic,2,250000,300000,3,-151.40403753027,1191.8628317918872,24.36901815476146,1192.0694385453746,1210.2873007166475,,,7.333333333333333
ddpg,critic,3,250000,300000,3,-156.3833076883927,785.607113263357,13.533514536070085,785.9796820376013,811.9995547068552,,,4.0
ddpg,critic,4,250000,300000,3,-81.44594890362907,593.9864968899814,11.132911903393783,594.0264152605117,602.1348415008079,,,3.6666666666666665
ddpg,no,0,250000,300000,3,69.72629358557572,161.55782245421798,3.4329277454189366,161.9281733840754,167.07500276284327,,,1.6666666666666667
ddpg,no,1,250000,300000,3,118.83447365159566,120.31057706482495,2.487296914919836,120.62123309682589,126.46142828642672,,,1.6666666666666667
ddpg,no,2,250000,300000,3,52.03790722154192,175.62480115370116,3.0208650636513905,175.69513583636103,180.07568013324416,,,0.6666666666666666
ddpg,no,3,250000,300000,3,163.34434570498817,75.79803016743425,1.256605138540819,76.74068757420828,80.6870113665269,,,0.6666666666666666
ddpg,no,4,250000,300000,3,51.60358684993105,130.67485549199716,2.5384923749353803,130.95846200051645,134.86309787435337,,,1.6666666666666667
ddpg,yes,0,250000,300000,3,-116.15880950131361,1201.5315504391447,27.98641973032137,1201.7369457324944,1218.3030254730918,,,6.333333333333333
ddpg,yes,1,250000,300000,3,-119.84745702222864,1233.1782542775234,28.221724607176142,1233.3653822027636,1249.4279153151103,,,5.666666666666667
ddpg,yes,2,250000,300000,3,-138.31592054482567,2898.370493236205,70.02211501282989,2898.5022263364826,2936.563741110247,,,6.333333333333333
ddpg,yes,3,250000,300000,3,-166.5512749667159,801.754290168005,15.496018541976781,802.6399957007707,820.3080001179939,,,0.6666666666666666
ddpg,yes,4,250000,300000,3,-87.20854019263616,1360.1689909532,26.12024494261259,1360.6488950170076,1386.3332057776586,,,1.6666666666666667
