metric,contrast,estimate,ci_lo,ci_hi,ci_excludes_0,perm_p
mean_return,TD3 - DDPG (moyenne sur LN),271.3833389444358,247.54795009087636,294.02418030926157,True,
mean_return,LN - sans LN (moyenne sur algo),-98.97122329876154,-123.63436207828265,-76.39351257752841,True,
mean_return,Interaction algo x LN,235.50899709901796,191.38518668923177,284.85678303710387,True,
mean_return,TD3 - DDPG | sans LN,153.62884039492684,110.42926823886266,191.30801059884357,True,0.007936507936507936
mean_return,TD3 - DDPG | avec LN,389.1378374939448,365.7207186334344,413.4963454728468,True,0.007936507936507936
mean_return,LN - sans LN | DDPG,-216.72572184827052,-263.9394630087967,-174.5643050452968,True,0.007936507936507936
mean_return,LN - sans LN | TD3,18.783275250747437,1.9327040949540708,32.56955096151309,True,0.07142857142857142
q1_bias,TD3 - DDPG (moyenne sur LN),-831.4643879528445,-1200.2010998016506,-582.2297816578433,True,
q1_bias,LN - sans LN (moyenne sur algo),687.1091813878924,438.4039844532523,1054.4084399999522,True,
q1_bias,Interaction algo x LN,-1358.1966343209767,-2092.976267091387,-862.0706252621947,True,
q1_bias,TD3 - DDPG | sans LN,-152.3660707923562,-181.64495112716548,-121.75667346765479,True,0.007936507936507936
q1_bias,TD3 - DDPG | avec LN,-1510.5627051133329,-2240.2906229112336,-1011.2790709440047,True,0.007936507936507936
q1_bias,LN - sans LN | DDPG,1366.2074985483807,869.6530901769873,2101.3320172423614,True,0.007936507936507936
q1_bias,LN - sans LN | TD3,8.01086422740396,3.3958303474605245,12.429763126212404,True,0.023809523809523808
q1_rel_bias,TD3 - DDPG (moyenne sur LN),-18.24363405126657,-27.895501825438785,-11.719678572447046,True,
q1_rel_bias,LN - sans LN (moyenne sur algo),15.57043443151876,9.032989973812175,25.233407720811105,True,
q1_rel_bias,Interaction algo x LN,-30.903265375942638,-50.2297712182172,-17.83337147525506,True,
q1_rel_bias,TD3 - DDPG | sans LN,-2.792001363295252,-3.384571946921995,-2.091525401648499,True,0.007936507936507936
q1_rel_bias,TD3 - DDPG | avec LN,-33.695266739237894,-53.00215953057378,-20.6384212042735,True,0.007936507936507936
q1_rel_bias,LN - sans LN | DDPG,31.02206711949008,17.94469278947622,50.35480844268205,True,0.007936507936507936
q1_rel_bias,LN - sans LN | TD3,0.11880174354744324,0.055123179603688954,0.18480044270333426,True,0.023809523809523808
q1_mae,TD3 - DDPG (moyenne sur LN),-794.1192246981707,-1161.1760306091026,-545.2185597716872,True,
q1_mae,LN - sans LN (moyenne sur algo),680.3525182953973,431.3334360275916,1046.8460235837924,True,
q1_mae,Interaction algo x LN,-1371.674864648218,-2104.614150650621,-875.0341897386651,True,
q1_mae,TD3 - DDPG | sans LN,-108.28179237406174,-137.7626824801374,-77.69608316420326,True,0.007936507936507936
q1_mae,TD3 - DDPG | avec LN,-1479.9566570222798,-2208.8937932064246,-979.8922222697613,True,0.007936507936507936
q1_mae,LN - sans LN | DDPG,1366.1899506195064,868.0229517753944,2099.262695738183,True,0.007936507936507936
q1_mae,LN - sans LN | TD3,-5.4849140287116604,-10.18155650611553,-0.7476543609445553,True,0.0873015873015873
